sample,core_mutation_dhfr_51,core_mutation_dhfr_59,core_mutation_dhfr_108,core_mutation_dhfr_164,core_mutation_crt_72,core_mutation_crt_74,core_mutation_crt_75,core_mutation_crt_76,core_mutation_crt_326,core_mutation_crt_356,core_mutation_dhps_436,core_mutation_dhps_437,core_mutation_dhps_540,core_mutation_dhps_581,core_mutation_dhps_613,core_mutation_mdr1_86,core_mutation_mdr1_184,core_mutation_mdr1_1246,core_mutation_mdr2_484,core_mutation_fd_193,core_mutation_arps10_127,core_mutation_kelch13:F662Y,core_mutation_kelch13:S364P,core_mutation_kelch13:A564T,core_mutation_kelch13:A578D,core_mutation_kelch13:R515K,core_mutation_kelch13:A578S,core_mutation_kelch13:E612.,core_mutation_kelch13:K658R,core_mutation_kelch13:F506Y,core_mutation_kelch13:Q371R,core_mutation_kelch13:S485G,core_mutation_kelch13:I540V,core_mutation_kelch13:G496D,core_mutation_kelch13:D397N,core_mutation_kelch13:C542R,core_mutation_kelch13:E605K,core_mutation_kelch13:Q654H,core_mutation_kelch13:D547G,core_mutation_kelch13:D512N,core_mutation_kelch13:F446I,core_mutation_kelch13:R597I,core_mutation_kelch13:Q654R,core_mutation_kelch13:A481P,core_mutation_kelch13:W518.,core_mutation_kelch13:F442S,core_mutation_kelch13:R471C,core_mutation_kelch13:P553L,core_mutation_kelch13:C580F,core_mutation_kelch13:L444S,core_mutation_kelch13:G595D,core_mutation_kelch13:G545R,core_mutation_kelch13:R539T,core_mutation_kelch13:T363K,core_mutation_kelch13:K378E,core_mutation_kelch13:T350A,core_mutation_kelch13:P574L,core_mutation_kelch13:G449D,core_mutation_kelch13:N609D,core_mutation_kelch13:W565.,core_mutation_kelch13:G358V,core_mutation_kelch13:H384R,core_mutation_kelch13:P419S,core_mutation_kelch13:A557V,core_mutation_kelch13:D648G,core_mutation_kelch13:V566I,core_mutation_kelch13:S649P,core_mutation_kelch13:E362K,core_mutation_kelch13:C542Y,core_mutation_kelch13:G625E,core_mutation_kelch13:E401K,core_mutation_kelch13:G538D,core_mutation_kelch13:I723V,core_mutation_kelch13:Y493H,core_mutation_kelch13:R404K,core_mutation_kelch13:L488F,core_mutation_kelch13:E567K,core_mutation_kelch13:D584N,core_mutation_kelch13:S549P,core_mutation_kelch13:D353N,core_mutation_kelch13:C580Y,core_mutation_kelch13:A504S,core_mutation_kelch13:G357D,core_mutation_kelch13:D464N,core_mutation_kelch13:D373G,core_mutation_kelch13:T573I,core_mutation_kelch13:S600F,core_mutation_kelch13:W470R,core_mutation_kelch13:P570L,core_mutation_kelch13:Y502H,core_mutation_kelch13:Y541F,core_mutation_kelch13:E705K,core_mutation_kelch13:D399N,core_mutation_kelch13:F656L,core_mutation_kelch13:F434S,core_mutation_kelch13:D680G,core_mutation_kelch13:P615T,core_mutation_kelch13:G453S,core_mutation_kelch13:T474I,core_mutation_kelch13:M351I,core_mutation_kelch13:Y456F,core_mutation_kelch13:R622K,core_mutation_kelch13:P615L,core_mutation_kelch13:N599D,core_mutation_kelch13:G639D,core_mutation_kelch13:E668K,core_mutation_kelch13:A432S,core_mutation_kelch13:I376M,core_mutation_kelch13:S550P,core_mutation_kelch13:R471S,core_mutation_kelch13:R561H,core_mutation_kelch13:V445I,core_mutation_kelch13:G548V,core_mutation_kelch13:G718S,core_mutation_kelch13:E431K,core_mutation_kelch13:C469.,INSDC_Pf8,INSDC_GenRe_GRC1,INSDC_GenRe_GRC2,INSDC_GenRe_SPEC
RCN13568,I,R,N,I,C,I,D,T,N,I,A,G,E,A,"A,T",N,Y,D,I,Y,V,False,False,False,False,False,False,False,False,False,False,False,False,False,False,False,False,False,False,False,False,False,False,False,False,False,False,False,False,False,False,False,False,False,False,False,False,False,False,False,False,False,False,False,False,False,False,False,False,False,False,False,False,False,False,False,False,False,False,False,True,False,False,False,False,False,False,False,False,False,False,False,False,False,False,False,False,False,False,False,False,False,False,False,False,False,False,False,False,False,False,False,False,False,False,False,ERR15626095,ERR14390745,ERR14390746,ERR14390747
RCN13560,I,R,N,I,C,I,D,T,N,I,A,G,E,A,T,N,F,D,I,Y,M,False,False,False,False,False,False,False,False,False,False,False,False,False,False,False,False,False,False,False,False,False,False,False,False,False,False,False,False,False,False,False,False,False,False,False,False,False,False,False,False,False,False,False,False,False,False,False,False,False,False,False,False,False,False,False,False,False,False,False,True,False,False,False,False,False,False,False,False,False,False,False,False,False,False,False,False,False,False,False,False,False,False,False,False,False,False,False,False,False,False,False,False,False,False,False,ERR15626087,ERR14390721,ERR14390722,ERR14390723
RCN15107,I,R,N,I,C,I,E,T,N,I,S,A,K,A,A,N,Y,D,T,D,V,False,False,False,False,False,False,False,False,False,False,False,False,False,False,False,False,False,False,False,False,False,False,False,False,False,False,False,False,False,False,False,False,False,False,False,False,False,False,False,False,False,False,False,False,False,False,False,False,False,False,False,False,False,False,False,False,False,False,False,False,False,False,False,False,False,False,False,False,False,False,False,False,False,False,False,False,False,False,False,False,False,True,False,False,False,False,False,False,False,False,False,False,False,False,False,ERR15626787,ERR14392566,ERR14392567,ERR14392568
RCN14580,I,R,N,I,C,I,E,T,N,I,S,G,N,G,A,N,F,D,T,Y,M,False,False,False,False,False,False,False,False,False,False,False,False,False,False,False,False,False,False,False,False,False,False,False,False,False,False,False,False,False,False,False,False,False,False,False,False,False,False,False,False,False,False,False,False,False,False,False,False,False,False,False,False,False,False,False,False,False,False,False,True,False,False,False,False,False,False,False,False,False,False,False,False,False,False,False,False,False,False,False,False,False,False,False,False,False,False,False,False,False,False,False,False,False,False,False,ERR15626429,ERR14391279,ERR14391280,ERR14391281
RCN13532,I,R,N,I,C,I,E,T,S,T,A,G,E,A,A,N,F,D,I,D,M,False,False,False,False,False,False,False,False,False,False,False,False,False,False,False,False,False,False,False,False,False,False,False,False,False,False,False,False,False,False,False,True,False,False,False,False,False,False,False,False,False,False,False,False,False,False,False,False,False,False,False,False,False,False,False,False,False,False,False,False,False,False,False,False,False,False,False,False,False,False,False,False,False,False,False,False,False,False,False,False,False,False,False,False,False,False,False,False,False,False,False,False,False,False,False,ERR15626060,ERR14390643,ERR14390644,ERR14390645
RCN13481,I,R,N,I,C,I,E,T,S,T,A,G,E,A,A,N,F,D,I,Y,M,False,False,False,False,False,False,False,False,False,False,False,False,False,False,False,False,False,False,False,False,False,False,False,False,False,False,False,False,False,False,False,False,False,False,False,False,False,False,False,False,False,False,False,False,False,False,False,False,False,False,False,False,False,False,False,False,False,False,False,True,False,False,False,False,False,False,False,False,False,False,False,False,False,False,False,False,False,False,False,False,False,False,False,False,False,False,False,False,False,False,False,False,False,False,False,ERR15626013,ERR14390499,ERR14390500,ERR14390501
RCN12032,I,R,N,I,C,I,E,T,S,T,A,G,E,A,A,N,Y,D,I,Y,M,False,False,False,False,False,False,False,False,False,False,False,False,False,False,False,False,False,False,False,False,False,False,False,False,False,False,False,False,False,False,False,False,False,False,False,False,False,False,False,False,False,False,False,False,False,False,False,False,False,False,False,False,False,False,False,False,False,False,False,True,False,False,False,False,False,False,False,False,False,False,False,False,False,False,False,False,False,False,False,False,False,False,False,False,False,False,False,False,False,False,False,False,False,False,False,ERR15625311,ERR14388624,ERR14388625,ERR14388626
RCN13501,I,R,N,I,C,I,E,T,S,T,A,G,E,A,T,N,Y,D,I,D,V,False,False,False,False,False,False,False,False,False,False,False,False,False,False,False,False,False,False,False,False,False,False,False,False,False,False,False,False,False,False,False,False,False,False,False,False,False,False,False,False,False,False,False,False,False,False,False,False,False,False,False,False,False,False,False,False,False,False,False,True,False,False,False,False,False,False,False,False,False,False,False,False,False,False,False,False,False,False,False,False,False,False,False,False,False,False,False,False,False,False,False,False,False,False,False,ERR15626033,ERR14390559,ERR14390560,ERR14390561
RCN12873,I,R,N,I,C,I,E,T,S,T,A,G,K,A,A,N,F,D,T,Y,M,False,False,False,False,False,False,False,False,False,False,False,False,False,False,False,False,False,False,False,False,False,False,False,False,False,False,False,False,False,False,False,False,False,False,False,False,False,False,False,False,False,False,False,False,False,False,False,False,False,False,False,False,False,False,False,False,False,False,False,True,False,False,False,False,False,False,False,False,False,False,False,False,False,False,False,False,False,False,False,False,False,False,False,False,False,False,False,False,False,False,False,False,False,False,False,ERR15625675,ERR14389800,ERR14389801,ERR14389802
RCN12710,I,R,N,I,C,I,E,T,S,T,A,G,K,A,A,N,Y,D,I,D,M,False,False,False,False,False,False,False,False,False,False,False,False,False,False,False,False,False,False,False,False,False,False,False,False,False,False,False,False,False,False,False,False,False,False,False,False,False,False,False,False,False,False,False,False,False,False,False,False,False,False,False,False,False,False,False,False,False,False,False,True,False,False,False,False,False,False,False,False,False,False,False,False,False,False,False,False,False,False,False,False,False,False,False,False,False,False,False,False,False,False,False,False,False,False,False,ERR15625550,ERR14389407,ERR14389408,ERR14389409
RCN13368,I,R,N,I,C,I,E,T,S,T,S,G,E,G,A,N,Y,D,I,Y,M,False,False,False,False,False,False,False,False,False,False,False,False,False,False,False,False,False,False,False,False,False,False,False,False,False,False,False,False,False,False,False,False,False,False,False,False,False,False,False,False,False,False,False,False,False,False,False,False,False,False,False,False,False,False,False,False,False,False,False,True,False,False,False,False,False,False,False,False,False,False,False,False,False,False,False,False,False,False,False,False,False,False,False,False,False,False,False,False,False,False,False,False,False,False,False,ERR15625908,ERR14390181,ERR14390182,ERR14390183
RCN12729,I,R,N,I,C,I,E,T,S,T,S,G,K,A,A,N,F,D,T,D,M,False,False,False,False,False,False,False,False,False,False,False,False,False,False,False,False,False,False,False,False,False,False,False,False,False,False,False,False,False,False,False,False,False,False,False,False,False,False,False,False,False,False,False,False,False,False,False,False,False,False,False,False,False,False,False,False,False,False,False,True,False,False,False,False,False,False,False,False,False,False,False,False,False,False,False,False,False,False,False,False,False,False,False,False,False,False,False,False,False,False,False,False,False,False,False,ERR15625560,ERR14389461,ERR14389462,ERR14389463
RCN13528,I,R,N,I,C,I,E,T,S,T,S,G,K,A,A,N,F,D,"T,I",D,M,False,False,False,False,False,False,False,False,False,False,False,False,False,False,False,False,False,False,False,False,False,False,False,False,False,False,False,False,False,False,False,False,False,False,False,False,False,False,False,False,False,False,False,False,False,False,False,False,False,False,False,False,False,False,False,False,False,False,False,True,False,False,False,False,False,False,False,False,False,False,False,False,False,False,False,False,False,False,False,False,False,False,False,False,False,False,False,False,False,False,False,False,False,False,False,ERR15626056,ERR14390631,ERR14390632,ERR14390633
RCN12087,I,R,N,I,C,I,E,T,S,T,S,G,N,G,A,N,F,D,I,Y,M,False,False,False,False,False,False,False,False,False,False,False,False,False,False,False,False,False,False,False,False,False,False,False,False,False,False,False,False,False,False,False,False,False,False,False,False,False,False,False,False,False,False,False,False,False,False,False,False,False,False,False,False,False,False,False,False,False,False,False,True,False,False,False,False,False,False,False,False,False,False,False,False,False,False,False,False,False,False,False,False,False,False,False,False,False,False,False,False,False,False,False,False,False,False,False,ERR15625353,ERR14388774,ERR14388775,ERR14388776
RCN12033,I,R,N,I,C,I,E,T,S,T,S,G,N,G,A,N,F,D,T,Y,M,False,False,False,False,False,False,False,False,False,False,False,False,False,False,False,False,False,False,False,False,False,False,False,False,False,False,False,False,False,False,False,False,False,False,False,False,False,False,False,False,False,False,False,False,False,False,False,False,False,False,False,False,False,False,False,False,False,False,False,True,False,False,False,False,False,False,False,False,False,False,False,False,False,False,False,False,False,False,False,False,False,False,False,False,False,False,False,False,False,False,False,False,False,False,False,ERR15625312,ERR14388627,ERR14388628,ERR14388629
RCN12865,I,R,N,I,C,I,E,T,S,T,S,G,N,G,A,N,Y,D,I,Y,M,False,False,False,False,False,False,False,False,False,False,False,False,False,False,False,False,False,False,False,False,False,False,False,False,False,False,False,False,False,False,False,False,False,False,False,False,False,False,False,False,False,False,False,False,False,False,False,False,False,False,False,False,False,False,False,False,False,False,False,True,False,False,False,False,False,False,False,False,False,False,False,False,False,False,False,False,False,False,False,False,False,False,False,False,False,False,False,False,False,False,False,False,False,False,False,ERR15625667,ERR14389779,ERR14389780,ERR14389781
RCN13585,I,R,N,I,C,I,E,T,S,T,S,G,N,G,A,N,Y,D,I,Y,M,False,False,False,False,False,False,False,False,False,False,False,False,False,False,False,False,False,False,False,False,False,False,False,False,False,False,False,False,False,False,False,False,False,False,False,False,False,False,False,False,False,False,False,False,False,False,False,False,False,False,False,False,True,False,False,False,False,False,False,False,False,False,False,False,False,False,False,False,False,False,False,False,False,False,False,False,False,False,False,False,False,False,False,False,False,False,False,False,False,False,False,False,False,False,False,ERR15626111,ERR14390793,ERR14390794,ERR14390795
RCN18593,I,R,N,"I,L",C,I,E,T,S,T,S,G,N,G,A,N,F,D,I,Y,M,False,False,False,False,False,False,False,False,False,False,False,False,False,False,False,False,False,False,False,False,False,False,False,False,False,False,False,False,False,False,False,False,False,False,False,False,False,False,False,False,False,False,False,False,False,False,False,False,False,False,False,False,False,False,False,False,False,False,False,True,False,False,False,False,False,False,False,False,False,False,False,False,False,False,False,False,False,False,False,False,False,False,False,False,False,False,False,False,False,False,False,False,False,False,False,ERR15627334,ERR14394294,ERR14394295,ERR14394296
RCN13407,I,R,N,"I,L",C,I,E,T,S,T,S,G,N,G,A,N,F,D,T,Y,M,False,False,False,False,False,False,False,False,False,False,False,False,False,False,False,False,False,False,False,False,False,False,False,False,False,False,False,False,False,False,False,False,False,False,False,False,False,False,False,False,False,False,False,False,False,False,False,False,False,False,False,False,False,False,False,False,False,False,False,True,False,False,False,False,False,False,False,False,False,False,False,False,False,False,False,False,False,False,False,False,False,False,False,False,False,False,False,False,False,False,False,False,False,False,False,ERR15625945,ERR14390295,ERR14390296,ERR14390297
RCN15343,I,R,N,L,C,I,D,T,N,I,A,G,E,A,T,N,F,D,I,Y,M,False,False,False,False,False,False,False,False,False,False,False,False,False,False,False,False,False,False,False,False,False,False,False,False,False,False,False,False,False,False,False,False,False,False,False,False,False,False,False,False,False,False,False,False,False,False,False,False,False,False,False,False,False,False,False,False,False,False,False,True,False,False,False,False,False,False,False,False,False,False,False,False,False,False,False,False,False,False,False,False,False,False,False,False,False,False,False,False,False,False,False,False,False,False,False,ERR15626997,ERR14393232,ERR14393233,ERR14393234
RCN12796,I,R,N,L,C,I,E,T,S,T,A,G,E,A,A,N,F,D,I,Y,M,False,False,False,False,False,False,False,False,False,False,False,False,False,False,False,False,False,False,False,False,False,False,False,False,False,False,False,False,False,False,False,False,False,False,False,False,False,False,False,False,False,False,False,False,False,False,False,False,False,False,False,False,False,False,False,False,False,False,False,True,False,False,False,False,False,False,False,False,False,False,False,False,False,False,False,False,False,False,False,False,False,False,False,False,False,False,False,False,False,False,False,False,False,False,False,ERR15625601,ERR14389593,ERR14389594,ERR14389595
RCN25190,I,R,N,L,C,I,E,T,S,T,A,G,E,A,A,N,F,D,T,Y,M,False,False,False,False,False,False,False,False,False,False,False,False,False,False,False,False,False,False,False,False,False,False,False,False,False,False,False,False,False,False,False,False,False,False,False,False,False,False,False,False,False,False,False,False,False,False,False,False,False,False,False,False,False,False,False,False,False,False,False,True,False,False,False,False,False,False,False,False,False,False,False,False,False,False,False,False,False,False,False,False,False,False,False,False,False,False,False,False,False,False,False,False,False,False,False,ERR15628307,ERR14395863,ERR14395864,ERR14395865
RCN13333,I,R,N,L,C,I,E,T,S,T,S,A,K,A,A,N,F,D,I,Y,M,False,False,False,False,False,False,False,False,False,False,False,False,False,False,False,False,False,False,False,False,False,False,False,False,False,False,False,False,False,False,False,False,False,False,False,False,False,False,False,False,False,False,False,False,False,False,False,False,False,False,False,False,False,False,False,False,False,False,False,True,False,False,False,False,False,False,False,False,False,False,False,False,False,False,False,False,False,False,False,False,False,False,False,False,False,False,False,False,False,False,False,False,False,False,False,ERR15625873,ERR14390082,ERR14390083,ERR14390084
RCN14642,I,R,N,L,C,I,E,T,S,T,S,G,E,G,A,N,F,D,I,Y,M,False,False,False,False,False,False,False,False,False,False,False,False,False,False,False,False,False,False,False,False,False,False,False,False,False,False,False,False,False,False,False,False,False,False,False,False,False,False,False,False,False,False,False,False,False,False,False,False,False,False,False,False,False,False,False,False,False,False,False,True,False,False,False,False,False,False,False,False,False,False,False,False,False,False,False,False,False,False,False,False,False,False,False,False,False,False,False,False,False,False,False,False,False,False,False,ERR15626490,ERR14391456,ERR14391457,ERR14391458
RCN15274,I,R,N,L,C,I,E,T,S,T,S,G,K,A,A,N,F,D,I,D,V,False,False,False,False,False,False,False,False,False,False,False,False,False,False,False,False,False,False,False,False,False,False,False,False,False,False,False,False,False,False,False,False,False,False,False,False,False,False,False,False,False,False,False,False,False,False,False,False,False,False,False,False,False,False,False,False,False,False,False,True,False,False,False,False,False,False,False,False,False,False,False,False,False,False,False,False,False,False,False,False,False,False,False,False,False,False,False,False,False,False,False,False,False,False,False,ERR15626931,ERR14393037,ERR14393038,ERR14393039
RCN12862,I,R,N,L,C,I,E,T,S,T,S,G,K,G,A,N,F,D,I,Y,M,False,False,False,False,False,False,False,False,False,False,False,False,False,False,False,False,False,False,False,False,False,False,False,False,False,False,False,False,False,False,False,False,False,False,False,False,False,False,False,False,False,False,False,False,False,False,False,False,False,False,False,False,False,False,False,False,False,False,False,True,False,False,False,False,False,False,False,False,False,False,False,False,False,False,False,False,False,False,False,False,False,False,False,False,False,False,False,False,False,False,False,False,False,False,False,ERR15625664,ERR14389776,ERR14389777,ERR14389778
RCN12855,I,R,N,L,C,I,E,T,S,T,S,G,K,G,A,N,F,D,I,Y,M,False,False,False,False,False,False,False,False,False,False,False,False,False,False,False,False,False,False,False,False,False,False,False,False,False,False,False,False,False,False,False,False,False,False,False,False,False,False,False,False,False,True,False,False,False,False,False,False,False,False,False,False,False,False,False,False,False,False,False,True,False,False,False,False,False,False,False,False,False,False,False,False,False,False,False,False,False,False,False,False,False,False,False,False,False,False,False,False,False,False,False,False,False,False,False,ERR15625657,ERR14389758,ERR14389759,ERR14389760
RCN12480,I,R,N,L,C,I,E,T,S,T,S,G,N,G,A,N,F,D,I,"D,Y",M,False,False,False,False,False,False,False,False,False,False,False,False,False,False,False,False,False,False,False,False,False,False,False,False,False,False,False,False,False,False,False,False,False,False,False,False,False,False,False,False,False,False,False,False,False,False,False,False,False,False,False,False,False,False,False,False,False,False,False,True,False,False,False,False,False,False,False,False,False,False,False,False,False,False,False,False,False,False,False,False,False,False,False,False,False,False,False,False,False,False,False,False,False,False,False,ERR15625450,ERR14388969,ERR14388970,ERR14388971
RCN12025,I,R,N,L,C,I,E,T,S,T,S,G,N,G,A,N,F,D,I,Y,M,False,False,False,False,False,False,False,False,False,False,False,False,False,False,False,False,False,False,False,False,False,False,False,False,False,False,False,False,False,False,False,False,False,False,False,False,False,False,False,False,False,False,False,False,False,False,False,False,False,False,False,False,False,False,False,False,False,False,False,True,False,False,False,False,False,False,False,False,False,False,False,False,False,False,False,False,False,False,False,False,False,False,False,False,False,False,False,False,False,False,False,False,False,False,False,ERR15625306,ERR14388603,ERR14388604,ERR14388605
RCN25946,I,R,N,L,C,I,E,T,S,T,S,G,N,G,A,N,F,D,T,D,M,False,False,False,False,False,False,False,False,False,False,False,False,False,False,False,False,False,False,False,False,False,False,False,False,False,False,False,False,False,False,False,True,False,False,False,False,False,False,False,False,False,False,False,False,False,False,False,False,False,False,False,False,False,False,False,False,False,False,False,False,False,False,False,False,False,False,False,False,False,False,False,False,False,False,False,False,False,False,False,False,False,False,False,False,False,False,False,False,False,False,False,False,False,False,False,ERR15628559,ERR14396598,ERR14396599,ERR14396600
RCN12789,I,R,N,L,C,I,E,T,S,T,S,G,N,G,A,N,F,D,T,Y,M,False,False,False,False,False,False,False,False,False,False,False,False,False,False,False,False,False,False,False,False,False,False,False,False,False,False,False,False,False,False,False,False,False,False,False,False,False,False,False,False,False,False,False,False,False,False,False,False,False,False,False,False,False,False,False,False,False,False,False,True,False,False,False,False,False,False,False,False,False,False,False,False,False,False,False,False,False,False,False,False,False,False,False,False,False,False,False,False,False,False,False,False,False,False,False,ERR15625594,ERR14389575,ERR14389576,ERR14389577
RCN12854,I,R,N,L,C,I,E,T,S,T,S,G,N,G,A,N,Y,D,I,D,M,False,False,False,False,False,False,False,False,False,False,False,False,False,False,False,False,False,False,False,False,False,False,False,False,False,False,False,False,False,False,False,False,False,False,False,False,False,False,False,False,False,False,False,False,False,False,False,False,False,False,False,False,False,False,False,False,False,False,False,True,False,False,False,False,False,False,False,False,False,False,False,False,False,False,False,False,False,False,False,False,False,False,False,False,False,False,False,False,False,False,False,False,False,False,False,ERR15625656,ERR14389755,ERR14389756,ERR14389757
RCN12484,I,R,N,L,C,I,E,T,S,T,S,G,N,G,A,N,Y,D,I,Y,M,False,False,False,False,False,False,False,False,False,False,False,False,False,False,False,False,False,False,False,False,False,False,False,False,False,False,False,False,False,False,False,False,False,False,False,False,False,False,False,False,False,False,False,False,False,False,False,False,False,False,False,False,False,False,False,False,False,False,False,True,False,False,False,False,False,False,False,False,False,False,False,False,False,False,False,False,False,False,False,False,False,False,False,False,False,False,False,False,False,False,False,False,False,False,False,ERR15625454,ERR14388981,ERR14388982,ERR14388983
RCN15359,I,R,N,L,C,I,E,T,S,T,S,G,N,G,A,N,Y,D,T,Y,M,False,False,False,False,False,False,False,False,False,False,False,False,False,False,False,False,False,False,False,False,False,False,False,False,False,False,False,False,False,False,False,False,False,False,False,False,False,False,False,False,False,False,False,False,False,False,False,False,False,False,False,False,False,False,False,False,False,False,False,True,False,False,False,False,False,False,False,False,False,False,False,False,False,False,False,False,False,False,False,False,False,False,False,False,False,False,False,False,False,False,False,False,False,False,False,ERR15627012,ERR14393277,ERR14393278,ERR14393279
